id,login_user,login_password
labman11,labmanager1@example.com,labman1
labman22,labmanager2@example.com,labman2
labclerk11,labclerk1@example.com,labclerk1
analyst11,analyst1@example.com,analyst1
sampler11,sampler1@example.com,sampler1
ritamo1,mohale@example.com,ritamo
sarelse1,seemonster@example.com,sarelse
neilst1,standard@example.com,neilst
johannasm1,smith@example.com,johannasm
fredtu1,turner@example.com,fredtu
chrisru1,ruffian@example.com,chrisru
andreco1,corbin@example.com,andreco
